coherent_time_ms,rate_error_hzps,loss_db
1,100,0.0000
1,200,0.0000
1,500,0.0000
1,1000,0.0000
1,1614,0.0000
2,100,0.0000
2,200,0.0000
2,500,0.0000
2,1000,0.0000
2,1614,0.0000
4,100,0.0000
4,200,0.0000
4,500,0.0000
4,1000,0.0001
4,1614,0.0002
8,100,0.0000
8,200,0.0000
8,500,0.0002
8,1000,0.0010
8,1614,0.0025
16,100,0.0002
16,200,0.0006
16,500,0.0039
16,1000,0.0156
16,1614,0.0407
32,100,0.0025
32,200,0.0100
32,500,0.0625
32,1000,0.2507
32,1614,0.6574
64,100,0.0400
64,200,0.1602
64,500,1.0152
64,1000,4.2426
64,1614,10.3471
128,100,0.6459
128,200,2.6628
128,500,10.3105
128,1000,12.7576
128,1614,13.3004
