cn0_dbhz,trials,p_detect,p_wrong,mean_metric
30.0,200,0.0,0.0,12.802
31.0,200,0.0,0.0,12.667
32.0,200,0.0,0.0,12.997
33.0,200,0.02,0.0,13.546
34.0,200,0.04,0.0,13.830
35.0,200,0.13,0.0,15.267
36.0,200,0.265,0.0,17.241
37.0,200,0.545,0.0,20.877
38.0,200,0.76,0.0,25.960
39.0,200,0.94,0.0,32.320
40.0,200,0.955,0.005,39.095
41.0,200,0.97,0.015,49.037
42.0,200,0.99,0.01,60.611
43.0,200,0.99,0.01,75.505
44.0,200,0.985,0.015,94.850
45.0,200,0.985,0.015,120.627
46.0,200,0.99,0.01,148.265
